problem,Dx,N_over_Dx,noise,model,RRMSE_median,RRMSE_std,NIS_median,NIS_std
ackley,20,20,0.002,gpplus,0.24783786806666502,0.006457878942776992,1.234693902431347,0.026592863741748185
ackley,20,20,0.08,gpplus,0.26923671929167714,0.006608236656541731,1.3233821250556659,0.0335287037791035
ackley,20,5,0.002,gpplus,0.4688375910043802,0.046046695685476625,2.6037379173709057,0.570070248430252
ackley,20,5,0.08,gpplus,0.481666836067171,0.028315956162312465,2.6553024735519735,0.352509927857208
ackley,40,20,0.002,gpplus,0.25789713653049723,0.0035721683238073326,1.2390683364195505,0.018265177282595413
ackley,40,20,0.08,gpplus,0.27620967784187744,0.0039057810764794878,1.3326275835404138,0.02654895766068829
ackley,40,5,0.002,gpplus,0.4495040142946065,0.058904254878783716,2.2733785814806833,0.49307895333371665
ackley,40,5,0.08,gpplus,0.4654241884794633,0.04109084236232044,2.3583803848193323,0.3707328820338408
borehole,8,20,0.002,gpplus,0.004667863669000463,0.0005616343017264346,0.02265164143732793,0.0036419536781869106
borehole,8,20,0.08,gpplus,0.0908446976375732,0.0027816104660222554,0.4195926401379622,0.022290456553220286
borehole,8,5,0.002,gpplus,0.024336576805876458,0.00645264137896041,0.1311500481715488,0.03905857420714853
borehole,8,5,0.08,gpplus,0.12036289122708081,0.018450145160417663,0.6531371850857363,0.13212739176453012
buckling,4,20,0.002,gpplus,0.057723640394151,0.016916259249093013,0.19640622607051245,0.06139644960532618
buckling,4,20,0.08,gpplus,0.2262730351113883,0.05653135544635957,1.1391635402014775,0.4929361901668158
buckling,4,5,0.002,gpplus,0.29733037208844226,0.15414178723952543,6.225797469133408,3.5231604187636036
buckling,4,5,0.08,gpplus,0.5355857835008165,0.12289200258087975,9.781690581650796,3.173098315540451
dixon_price,40,20,0.002,gpplus,0.382811627977776,0.00979469681011243,1.7771223164876813,0.059980282202524875
dixon_price,40,20,0.08,gpplus,0.39295256605339923,0.010300367100624637,1.8167862402495358,0.05573686566124359
dixon_price,40,5,0.002,gpplus,0.6621985200040224,0.05856472702829649,3.478942119164132,0.718235871901426
dixon_price,40,5,0.08,gpplus,0.6851013900666829,0.0591115626943845,3.879431720793236,0.5696487019876357
griewank,20,20,0.002,gpplus,0.003865875673572502,0.0002276076662722369,0.06335144911166805,0.0013027930711430468
griewank,20,20,0.08,gpplus,0.1312390697008889,0.008960977662292442,0.6212301146196173,0.04667937828043262
griewank,20,5,0.002,gpplus,0.8489369209927977,0.0992697257774309,6.113394338779955,1.5449994087314551
griewank,20,5,0.08,gpplus,0.8179657758984173,0.1014442229704233,5.291666369073484,1.5774963954749712
rosenbrock,80,20,0.002,gpplus,0.4378702902862773,0.017073579434222986,2.029909051113001,0.0780036374158965
rosenbrock,80,20,0.08,gpplus,0.4501477778455091,0.017732235202266928,2.075424403732411,0.07373052605296147
rosenbrock,80,5,0.002,gpplus,0.667494768751077,0.04149014023881009,3.5895669012595515,0.4585218093069069
rosenbrock,80,5,0.08,gpplus,0.674354054025815,0.0483056022459801,3.639369142024573,0.47763617324111796
wing,10,20,0.002,gpplus,0.005860742145528679,0.00032360767650863856,0.027234274733018093,0.00175130854168002
wing,10,20,0.08,gpplus,0.09238160479982307,0.001982968705186373,0.42915733107830134,0.008444560125566405
wing,10,5,0.002,gpplus,0.039486942970327225,0.013282836471679663,0.20922042705000185,0.21011635194517286
wing,10,5,0.08,gpplus,0.1135647046201737,0.006467368189467385,0.5425039164002536,0.035976443138380616
zakharov,20,20,0.002,gpplus,0.23966598475042283,0.015018744096755896,1.3440791729024721,0.1183063454352563
zakharov,20,20,0.08,gpplus,0.2744032990128767,0.01645614746112763,1.4892133111409964,0.13009967149776605
zakharov,20,5,0.002,gpplus,0.596438685156501,0.12735924302513654,4.365046601940319,1.9136912139399513
zakharov,20,5,0.08,gpplus,0.6202511894388558,0.13426923382972697,4.489085130047572,1.9631012493134004
ackley,20,20,0.002,GP+ (PE),0.2583963597890197,0.011100699640043581,1.2761266046593405,0.0627081453615717
ackley,20,20,0.08,GP+ (PE),0.2762439722768411,0.009557918874585805,1.3763616746523293,0.056005976902407814
ackley,20,5,0.002,GP+ (PE),0.46576901592818565,0.02666990510351503,2.498438832411018,0.32189869660248654
ackley,20,5,0.08,GP+ (PE),0.4849967441905408,0.04422393307611983,2.715567349570506,0.5363219696624789
ackley,40,20,0.002,GP+ (PE),0.2444711363145018,0.004491476094623361,1.186022357294098,0.030445839170714598
ackley,40,20,0.08,GP+ (PE),0.26001951859971406,0.004768473195780534,1.2678866531565731,0.032262562339397706
ackley,40,5,0.002,GP+ (PE),0.4330082538226706,0.048214286204974734,2.2100903684568944,0.37232938056811454
ackley,40,5,0.08,GP+ (PE),0.4673809930426317,0.040763404258997285,2.3872922529702345,0.32567560807755375
borehole,8,20,0.002,GP+ (PE),0.004667854568502843,0.000556562949257826,0.02265159844311209,0.0036433448151196087
borehole,8,20,0.08,GP+ (PE),0.09108120132948314,0.0027138576955816193,0.41959656076126206,0.02173258329122538
borehole,8,5,0.002,GP+ (PE),0.026721764483290444,0.006969941195255915,0.13879088867410988,0.0491967381024834
borehole,8,5,0.08,GP+ (PE),0.12118074217590631,0.020398737096471442,0.6531385972073721,0.20570497729633158
buckling,4,20,0.002,GP+ (PE),0.05791701449460983,0.016863413581869647,0.19763758218105004,0.061527257722063494
buckling,4,20,0.08,GP+ (PE),0.2262592913748969,0.056532382162230214,1.1390995199118565,0.49295304318867544
buckling,4,5,0.002,GP+ (PE),0.34356812554468674,0.1446132803887404,6.939658383960385,3.20371144890849
buckling,4,5,0.08,GP+ (PE),0.5369112703503399,0.12293872236093377,9.781284191540063,3.175528176680792
dixon_price,40,20,0.002,GP+ (PE),0.1063635125521327,0.0022415043226823926,0.5011782476160191,0.009343697824798942
dixon_price,40,20,0.08,GP+ (PE),0.1542487239345922,0.002413224073781343,0.7358387796830742,0.015579100719832454
dixon_price,40,5,0.002,GP+ (PE),0.6979959605667161,0.057701844740101926,3.9086111714360503,0.6926088063070379
dixon_price,40,5,0.08,GP+ (PE),0.7042179859643498,0.11290331952468038,3.9780143951746862,0.9217562485168758
griewank,20,20,0.002,GP+ (PE),0.018042526679487816,0.006436122983685785,0.21584674112290692,0.06178309190448946
griewank,20,20,0.08,GP+ (PE),0.11434520386704328,0.003765212685928687,0.543236791774631,0.023349931846543114
griewank,20,5,0.002,GP+ (PE),0.8392360102706722,0.08488799479187242,5.769262467270741,1.5707107213586793
griewank,20,5,0.08,GP+ (PE),0.8372682552880579,0.0963067745787286,5.272491537278064,1.5963273499635344
rosenbrock,80,20,0.002,GP+ (PE),0.18850951960638654,0.6417988465341011,2.260555015244461,10.595542597182195
rosenbrock,80,20,0.08,GP+ (PE),0.2845318684141614,0.3352111455247377,2.328746451923355,3.373652673947583
rosenbrock,80,5,0.002,GP+ (PE),0.6788844131555039,0.16577453031173522,3.701281474093804,0.7729803496953691
rosenbrock,80,5,0.08,GP+ (PE),0.694841194071336,0.14102407875969644,3.7976689274247954,0.6637895740157483
wing,10,20,0.002,GP+ (PE),0.005671143083364491,0.00029744927605929655,0.026179064934150544,0.0015741780580850395
wing,10,20,0.08,GP+ (PE),0.09217716971525952,0.0017077493373848125,0.4278178864009634,0.006671326490186997
wing,10,5,0.002,GP+ (PE),0.04342205540186206,0.013818696532292172,0.2058998234373588,0.21286725391467798
wing,10,5,0.08,GP+ (PE),0.11652522147010938,0.007977292052205952,0.5595237188520794,0.09314542108394795
zakharov,20,20,0.002,GP+ (PE),0.2396628549397104,0.01477811884973744,1.3440793188802305,0.12011983066353515
zakharov,20,20,0.08,GP+ (PE),0.27440340361921056,0.016463441983363993,1.489199131295977,0.13154857337869746
zakharov,20,5,0.002,GP+ (PE),0.6005008263157322,0.12483364210347594,4.353652436715593,1.9061523977704602
zakharov,20,5,0.08,GP+ (PE),0.6186567935334388,0.13640688247715801,4.864056415620002,1.952213218915506
ackley,20,20,0.002,GP+ (LOO),0.21304282232204724,0.004782340553630711,1.05449664927061,0.0323007513464286
ackley,20,20,0.08,GP+ (LOO),0.23502407921409366,0.0053921300879981315,1.175451112619235,0.0395071734074216
ackley,20,5,0.002,GP+ (LOO),0.7821262143049527,0.35281034826177105,12.819012628272683,6.734797450922999
ackley,20,5,0.08,GP+ (LOO),1.0014710173918309,0.15770328788899185,16.646190091028185,0.9280959953020025
ackley,40,20,0.002,GP+ (LOO),0.2090767742732734,0.0033160054980105906,1.019404804409692,0.024666455456954294
ackley,40,20,0.08,GP+ (LOO),0.2284396192075835,0.00375053553009697,1.112648277157448,0.023025519532002568
ackley,40,5,0.002,GP+ (LOO),0.3543180924264349,0.3335721816924651,2.603938851945978,5.778362767741199
ackley,40,5,0.08,GP+ (LOO),0.40047470871285196,0.21230135660428198,3.6278690154113398,3.4210989512422207
borehole,8,20,0.002,GP+ (LOO),0.0049442985163430375,0.0016032510445490422,0.028100229263014365,0.020165137146773794
borehole,8,20,0.08,GP+ (LOO),0.21243188563492132,0.03277675100520647,0.9546138022116606,0.052410102178207074
borehole,8,5,0.002,GP+ (LOO),0.04374226026669244,0.0127207651823184,0.6446728042548749,0.3005872866552954
borehole,8,5,0.08,GP+ (LOO),0.2590986586536412,0.11854371713291917,5.299159242322741,2.462300070918148
buckling,4,20,0.002,GP+ (LOO),0.04924710376042343,0.02080505855803737,0.23505650850389506,0.1625452480629149
buckling,4,20,0.08,GP+ (LOO),0.24891160407688387,0.23366879330204646,1.359387495295592,2.9162955132937602
buckling,4,5,0.002,GP+ (LOO),0.5194876241352195,0.17626356662660528,10.35472019534706,5.09267685635617
buckling,4,5,0.08,GP+ (LOO),0.8512013706059465,0.5737689625503513,18.103365296342098,10.358295503046117
dixon_price,40,20,0.002,GP+ (LOO),0.3202434879352594,0.007502697333011605,1.495274026835978,0.037632172086846376
dixon_price,40,20,0.08,GP+ (LOO),0.33308530554437404,0.0072143028406951625,1.5465074363217763,0.04001514656435275
dixon_price,40,5,0.002,GP+ (LOO),0.668822029651833,0.25068983003038936,5.710363701153094,4.777073916800407
dixon_price,40,5,0.08,GP+ (LOO),0.6608873954207639,0.25725829736573896,5.945817463272407,4.217691060824092
griewank,20,20,0.002,GP+ (LOO),0.0021459822348684748,0.0022796739115055783,0.010312246359375941,0.012363883147519251
griewank,20,20,0.08,GP+ (LOO),0.08539948974042406,0.008718109671048307,0.411643163774877,0.043048516124794683
griewank,20,5,0.002,GP+ (LOO),1.0399998256337093,0.5128499571379931,16.36858707437438,8.118623339071306
griewank,20,5,0.08,GP+ (LOO),1.0130600229534124,0.46466453816777764,14.45347818486228,7.220793942606061
rosenbrock,80,20,0.002,GP+ (LOO),2.459750026707609,2.1694009013653397,53.05610879810571,68.4844872995715
rosenbrock,80,20,0.08,GP+ (LOO),6.4114439918406365,17.94577112157368,181.4825440673074,681.0718548263742
rosenbrock,80,5,0.002,GP+ (LOO),0.5214911322886348,0.20449231290136718,3.4832020574433846,3.615460986285735
rosenbrock,80,5,0.08,GP+ (LOO),0.7170939448097949,0.2829379198433596,5.980062334287226,4.7418558278149785
wing,10,20,0.002,GP+ (LOO),0.005090788331169207,1.0190369411035814e-05,0.023485116936537438,0.00013619652879204476
wing,10,20,0.08,GP+ (LOO),0.09526348318123522,0.006948500257369774,0.4461418389649145,0.04783109073069619
wing,10,5,0.002,GP+ (LOO),0.05748352049896442,0.020369425775279792,1.1069486391625787,0.584994871960253
wing,10,5,0.08,GP+ (LOO),0.2322094569224275,0.03655945961789604,3.6756502835043525,1.566673190702284
zakharov,20,20,0.002,GP+ (LOO),0.2835815856179914,0.018063406283835227,1.8023702736690452,0.21037821383743202
zakharov,20,20,0.08,GP+ (LOO),0.347223832198263,0.03476411081707177,2.4378281489683813,0.5027402100251781
zakharov,20,5,0.002,GP+ (LOO),0.9908959151440809,0.20679614015732073,15.579555904989476,2.6146248682343254
zakharov,20,5,0.08,GP+ (LOO),0.9367188943653646,0.19785408733640636,12.980632705807107,2.215464029788625
ackley,20,20,0.002,tabpfn_v2.5,0.2513810443554187,0.012269676297081738,1.2013534205236045,0.04419737396726371
ackley,20,20,0.08,tabpfn_v2.5,0.27027655813375545,0.013477920557356358,1.2796611504495603,0.051817459645470125
ackley,20,5,0.002,tabpfn_v2.5,0.6835748229842965,0.037547333445453135,3.466032539116828,0.11634111572320735
ackley,20,5,0.08,tabpfn_v2.5,0.6933624427823665,0.03660529682715424,3.473367648513723,0.11531466535797516
ackley,40,20,0.002,tabpfn_v2.5,0.2906587277412722,0.011541054923117659,1.3578745786862867,0.03926135950315787
ackley,40,20,0.08,tabpfn_v2.5,0.30536085572227356,0.012347533182280206,1.4353691112479876,0.04305883138814387
ackley,40,5,0.002,tabpfn_v2.5,0.6675956792788091,0.04194658087977684,3.347491468259829,0.15284793545945743
ackley,40,5,0.08,tabpfn_v2.5,0.6736349729955109,0.03913374233639936,3.3522226310291208,0.13996836332068302
borehole,8,20,0.002,tabpfn_v2.5,0.012146832521296159,0.002423754899498356,0.0593016717550241,0.003729096834322679
borehole,8,20,0.08,tabpfn_v2.5,0.08959768304725371,0.00236096291254014,0.4374113162223644,0.011418581887226605
borehole,8,5,0.002,tabpfn_v2.5,0.048641567588765366,0.008363921134553335,0.2712435843157318,0.031184635720606653
borehole,8,5,0.08,tabpfn_v2.5,0.1267894914314949,0.02370644883632591,0.6310822056684917,0.12169266991898385
buckling,4,20,0.002,tabpfn_v2.5,0.34574668773859285,0.2719136180076248,0.35356378460362237,0.09959147425823414
buckling,4,20,0.08,tabpfn_v2.5,0.5851957931534885,0.3499626871756743,0.9814748871613548,0.16555143063862857
buckling,4,5,0.002,tabpfn_v2.5,0.38476454045233477,0.26093153018201637,1.3765684930931426,0.24177980642913952
buckling,4,5,0.08,tabpfn_v2.5,0.45874602933681463,0.11307880846738844,1.806230746347501,0.27034299895843605
dixon_price,40,20,0.002,tabpfn_v2.5,0.3095135370735737,0.011574355177386494,1.5115786754190608,0.04271782087286413
dixon_price,40,20,0.08,tabpfn_v2.5,0.32166005453151186,0.00964622752033878,1.5702419566829886,0.03676645468738197
dixon_price,40,5,0.002,tabpfn_v2.5,0.7670772300468869,0.044984462885604565,3.5848717005258215,0.2729293380869385
dixon_price,40,5,0.08,tabpfn_v2.5,0.7747893568867223,0.04713212881648885,3.624172066151343,0.2902482318488064
griewank,20,20,0.002,tabpfn_v2.5,0.21215020701988418,0.026944478804837215,1.0822645823648644,0.09959342091588187
griewank,20,20,0.08,tabpfn_v2.5,0.23313067551165673,0.025711498138224827,1.1674108380183221,0.10315251945375326
griewank,20,5,0.002,tabpfn_v2.5,0.872305993398627,0.03689216141486631,4.2034705530897565,0.19243786332104892
griewank,20,5,0.08,tabpfn_v2.5,0.8746554388603632,0.035704141511572106,4.21983770161777,0.18931055770040012
rosenbrock,80,20,0.002,tabpfn_v2.5,0.3358464137308638,0.012347266391424474,1.681704243992714,0.023262319257834996
rosenbrock,80,20,0.08,tabpfn_v2.5,0.3469054876837503,0.0137575807209858,1.7243145937863997,0.027267545931776795
rosenbrock,80,5,0.002,tabpfn_v2.5,0.7670857177813437,0.022729977461618533,3.6212812690533127,0.1085816033313363
rosenbrock,80,5,0.08,tabpfn_v2.5,0.7716279102546936,0.021128828428981665,3.660854495820952,0.10009595034135033
wing,10,20,0.002,tabpfn_v2.5,0.023419441489673887,0.0033812500692676373,0.11709319257736622,0.0075976950487939305
wing,10,20,0.08,tabpfn_v2.5,0.09394380606492733,0.0021480965130980666,0.43109551297820137,0.007095979158940913
wing,10,5,0.002,tabpfn_v2.5,0.05838047597713397,0.009533787314733663,0.3279059329903756,0.04412829424807682
wing,10,5,0.08,tabpfn_v2.5,0.11891121284211276,0.010544323394474309,0.6176404104340043,0.043452231281999355
zakharov,20,20,0.002,tabpfn_v2.5,0.12156600081551996,0.06941753284185394,0.23687427688221285,0.02626874728210159
zakharov,20,20,0.08,tabpfn_v2.5,0.26023841322164454,0.12321569279707927,0.6340406169700497,0.03887719544722491
zakharov,20,5,0.002,tabpfn_v2.5,0.28782513003350485,0.16892345733092873,0.7692035344370869,0.1796723968622573
zakharov,20,5,0.08,tabpfn_v2.5,0.4258259207084475,0.13244422906168532,1.6181997113169078,0.17452426960971806
ackley,20,20,0.002,tabpfn_v2,0.3047404668262636,0.019315371103523608,1.5676295026400502,0.06775461416856779
ackley,20,20,0.08,tabpfn_v2,0.3126301786384773,0.019670283526839916,1.600182372323113,0.07787327575380969
ackley,20,5,0.002,tabpfn_v2,0.6218989104865793,0.014531982334131398,3.1991870712681543,0.0986558196705782
ackley,20,5,0.08,tabpfn_v2,0.6290575381255942,0.010637953623611019,3.2262137188485456,0.07847401984166044
ackley,40,20,0.002,tabpfn_v2,0.3830477768441227,0.014441994110346568,1.8672964576315207,0.04622275634105461
ackley,40,20,0.08,tabpfn_v2,0.40060655562691294,0.016524380540967422,1.9282107136831217,0.04571178631429906
ackley,40,5,0.002,tabpfn_v2,0.6183703995396359,0.016560286956997558,2.9900372975542746,0.08259778902030943
ackley,40,5,0.08,tabpfn_v2,0.6220157226327354,0.017023774046794955,3.004899551126465,0.08420382239012403
borehole,8,20,0.002,tabpfn_v2,0.024103511037502977,0.006892066601786062,0.09775267197400064,0.007006820970856316
borehole,8,20,0.08,tabpfn_v2,0.09049312978576321,0.0028151515332170106,0.43753571626029153,0.011647637330727469
borehole,8,5,0.002,tabpfn_v2,0.0647127307080157,0.01095369155972832,0.3445432961571806,0.05107337173773909
borehole,8,5,0.08,tabpfn_v2,0.1315661812344957,0.018512134612336733,0.6470057330378207,0.12995949011058083
buckling,4,20,0.002,tabpfn_v2,0.20464034654960955,0.24515389090277764,0.4755187104286799,0.15174602523927636
buckling,4,20,0.08,tabpfn_v2,0.3816055460249961,0.1620290962050767,1.2849213950099552,0.22114365672654998
buckling,4,5,0.002,tabpfn_v2,0.2856785201945664,0.1366810580556893,1.5238306633426162,0.26720445169517865
buckling,4,5,0.08,tabpfn_v2,0.42263339701598346,0.13567556392271454,1.9024199415195246,0.31792145146950646
dixon_price,40,20,0.002,tabpfn_v2,0.4023303674493463,0.014526344620454918,1.9251549939873476,0.05833889501544108
dixon_price,40,20,0.08,tabpfn_v2,0.4101885464992836,0.011602716519359919,1.9612717774029969,0.049257511024350935
dixon_price,40,5,0.002,tabpfn_v2,0.7894499368649277,0.04291901105694101,3.755872527246829,0.2737256305143861
dixon_price,40,5,0.08,tabpfn_v2,0.8056829715993177,0.043479413125544875,3.7925013193951598,0.2901727052151615
griewank,20,20,0.002,tabpfn_v2,0.37406860922925034,0.028354906959792352,1.9940462221548707,0.07844398073723494
griewank,20,20,0.08,tabpfn_v2,0.37337941188848334,0.028194920968309906,2.0166633413852253,0.09155470857540875
griewank,20,5,0.002,tabpfn_v2,0.9051296234944151,0.03677810371584059,4.320876908501436,0.19478159762274724
griewank,20,5,0.08,tabpfn_v2,0.9109541732008134,0.038794617019446205,4.354396839036732,0.21396539473107853
rosenbrock,80,20,0.002,tabpfn_v2,0.5159590314427994,0.018966384853095646,2.4546199748781103,0.0646848657141612
rosenbrock,80,20,0.08,tabpfn_v2,0.5166047429005918,0.019018874497280902,2.448109824676707,0.06766504991027675
rosenbrock,80,5,0.002,tabpfn_v2,0.7139635284108297,0.013004643042098208,3.374222050074276,0.07194457547511367
rosenbrock,80,5,0.08,tabpfn_v2,0.7146177568989462,0.013432186097874858,3.388229349059655,0.07180076074351746
wing,10,20,0.002,tabpfn_v2,0.03515312150624291,0.015529446679822702,0.16559300860983,0.01537646995096966
wing,10,20,0.08,tabpfn_v2,0.09397514512308933,0.002477442728852636,0.44235276417970515,0.009161980817990223
wing,10,5,0.002,tabpfn_v2,0.0853098204114695,0.014592323167910717,0.46145713891314577,0.05450299535996444
wing,10,5,0.08,tabpfn_v2,0.12885551647418703,0.010906088818994013,0.630134754171559,0.06048062679440036
zakharov,20,20,0.002,tabpfn_v2,0.14857788834214813,0.04530007024692876,0.4528819020994067,0.05350278798823739
zakharov,20,20,0.08,tabpfn_v2,0.1878363151698893,0.07106621903152534,0.8446153882153248,0.05341403907634328
zakharov,20,5,0.002,tabpfn_v2,0.22064300951231405,0.08324568287551207,1.0894665118163207,0.15545597206333997
zakharov,20,5,0.08,tabpfn_v2,0.2721778237231138,0.08175799274146725,1.6527874082679728,0.1884397066433063
ackley,20,20,0.002,gpytorch,0.24701371212115109,0.006781513862007157,1.239247465074669,0.02713586709957856
ackley,20,20,0.08,gpytorch,0.2694098955424041,0.005732075665533938,1.334981948426118,0.03912462874167084
ackley,20,5,0.002,gpytorch,0.462205342865892,0.03771093889968174,2.5270992993522334,0.2657165874640328
ackley,20,5,0.08,gpytorch,0.4822785177799189,0.032415765784595596,2.659923970982433,0.2266338294934623
ackley,40,20,0.002,gpytorch,1.0002514429061198,0.0006731083098834996,4.770528347466238,0.025788728658415545
ackley,40,20,0.08,gpytorch,1.0002197641081683,0.0006262097860245581,4.769627137280561,0.022066380742236155
ackley,40,5,0.002,gpytorch,1.0019333257655512,0.002644357571357312,4.756253772400486,0.07320006643428892
ackley,40,5,0.08,gpytorch,1.001846700739153,0.002523405125004001,4.754779348300939,0.07402815443331794
borehole,8,20,0.002,gpytorch,0.007601100417831476,0.0011961100600134194,0.055905577102465125,0.005274041215010897
borehole,8,20,0.08,gpytorch,0.09269639819458526,0.0025074466319130544,0.4349178535419075,0.011834958594036809
borehole,8,5,0.002,gpytorch,0.03485551661187265,0.006982873437147576,0.17170133377633046,0.04858147214342211
borehole,8,5,0.08,gpytorch,0.14994014569405123,0.032867168556772214,1.0248688948480567,0.5389374772233246
buckling,4,20,0.002,gpytorch,0.26071053235441605,0.07774126120790982,1.400933643966733,0.6689191324037362
buckling,4,20,0.08,gpytorch,0.3336907166916433,0.09561881924511853,1.8642778950059151,0.9232243864500049
buckling,4,5,0.002,gpytorch,0.7083999892745081,0.13839482001874392,7.728078363973646,1.6023503862648196
buckling,4,5,0.08,gpytorch,0.7624871824227152,0.14958152198918667,8.681194775764862,1.6249840114548117
dixon_price,40,20,0.002,gpytorch,1.0004394683037297,0.0006059192791371138,4.710664644221087,0.016245333543948644
dixon_price,40,20,0.08,gpytorch,1.0003975123209998,0.0006548950164952126,4.713517477613099,0.015494628244294619
dixon_price,40,5,0.002,gpytorch,1.0018804608078429,0.0024202805447312765,4.706194502682756,0.0624414776611855
dixon_price,40,5,0.08,gpytorch,1.0017219698442124,0.00246750499519416,4.715549948041901,0.06201398884489074
griewank,20,20,0.002,gpytorch,0.015644137376499584,0.0038366603589112544,0.2617036826314601,0.03461600122319441
griewank,20,20,0.08,gpytorch,0.14211141294838203,0.00755881649149445,0.6713954226795013,0.033326819220660796
griewank,20,5,0.002,gpytorch,0.7078226747020198,0.06000239505091973,3.4289672660389634,0.6382364746898119
griewank,20,5,0.08,gpytorch,0.704361123919335,0.05846943083172646,3.4127765426689263,0.47041129146146554
rosenbrock,80,20,0.002,gpytorch,1.0000792163064398,8.126596404464868e-05,4.696457110982285,0.008545391396809992
rosenbrock,80,20,0.08,gpytorch,1.000083100446354,8.262351846293504e-05,4.697115393024066,0.009179402661711217
rosenbrock,80,5,0.002,gpytorch,1.000443384647649,0.0013166482464046505,4.700565120305965,0.013632942348643713
rosenbrock,80,5,0.08,gpytorch,1.0006486189390862,0.0012356747303877062,4.707373581277592,0.011640382826469495
wing,10,20,0.002,gpytorch,0.009782588925347632,0.0003720793048082365,0.054218736170205145,0.0019413528070970224
wing,10,20,0.08,gpytorch,0.0921130403921078,0.0025352639556583444,0.42810797777865117,0.022753455187144233
wing,10,5,0.002,gpytorch,0.045567844804850696,0.010124138704689381,0.2538108786966681,0.09293755454790736
wing,10,5,0.08,gpytorch,0.12147873655703212,0.01596668664195509,0.5904709289150654,0.14013219458120252
zakharov,20,20,0.002,gpytorch,0.24424136441851932,0.012747189765697546,1.3793215947924151,0.11014543423743488
zakharov,20,20,0.08,gpytorch,0.2801877590455955,0.015850993513582934,1.5633782541140944,0.12351614300280613
zakharov,20,5,0.002,gpytorch,0.5578002824819368,0.05216071968611117,3.4694726513831116,0.5059130966773893
zakharov,20,5,0.08,gpytorch,0.5811839546788558,0.05260831439144992,3.6320317263502258,0.5288768622375326
